,condition,distance_between_original_user_in_percentage
0CglbX3jNpKrXUGLjUgD,Calibration,3.4710318834870533
2XzI8cZpeLL0DTlsECwZ,Calibration,3.117390072270132
2xJVctDUirbxcPsf5usP,Calibration,2.5507581118434026
3OfPMNQddajDWz7dQ7Gp,Calibration,2.03177147834019
4AssgSYnYN1pI0r7atFU,Calibration,3.4712792632538285
4WVIK2yLjEMuTcnl9fmI,Calibration,0.21669104478116924
781RAnvf4DY3ga5BJi12,Calibration,4.112463846492073
7AszsmgPN3jQbNtRCC03,Calibration,4.174458839678548
7ospVoFAIsF07N05r85b,Calibration,3.7017926352367954
8nxRC2VQ2hTxEEQbIMKK,Calibration,1.1232300147351086
8sQhKhlVhI289bYD4Pmo,Calibration,3.6257975937036044
CQkNEQodwsHSU2xgM0xi,Calibration,4.607965553584949
DvCTyt3OkuBaWPjGUjBk,Calibration,7.32755121149167
ENBjUDhBuRLwDUVMXf1H,Calibration,4.02992779446731
FaeLpohwYP8bzk0rhGtY,Calibration,4.519647478796918
HLz9IUjHxQRpZouEQQDE,Calibration,2.8999940403587363
IjIMHL3SjytCLKbfggK5,Calibration,5.370535233546934
KC5KqM5g8Mzo3gEkrKpt,Calibration,2.4999999999999996
L7iSzjzE0WW5d1cJ7TLu,Calibration,4.543260511343948
Ny0jxeoUpunBj9iNjZbi,Calibration,5.345256221813514
O8NFwKei1rOjnABpenrm,Calibration,4.035841611295556
R82u95ptu3jsbzT99Ewm,Calibration,3.988552053891331
RSFLZ9lP0odVCzlpNgi1,Calibration,3.5742947105783123
RfBlMbgJ2r8N3XShEaCh,Calibration,1.3512573341683627
RrOvD2ntb68kSsESiasj,Calibration,4.359414305546319
TgI43VlT93oINqr3ClFz,Calibration,3.117390072270132
UbXCHt2JOnS9ka2p5AfK,Calibration,1.3513327756006575
YvRkRgIiAl5t26IF7865,Calibration,3.4063467694824685
ZoeUXcimrdtqFLC4S427,Calibration,5.08339470670043
c1tBtoMR0TSaIe8Qa8LE,Calibration,1.7031733847412367
ciHXOjSBCxkYVsbIMGFL,Calibration,0.2962648433497485
eYvs1x7u8NCBaK0OsGao,Calibration,0.6069802731411222
h6MXxkwwlLZRW8UH477Q,Calibration,4.414585180126057
hhLORoPspaoneHecGAlZ,Calibration,0.9612580954111063
iCnpRptXVzhdZ7eKc4di,Calibration,7.524876891304377
isxbcgroTW71QWePGPQ9,Calibration,3.210639653698049
kBlWMiYczQLZqWQdKPFY,Calibration,8.651749723081288
kGrFHRblg2WvOtlPqd0z,Calibration,2.8007244001488716
kKEo5fI7daKNKa0WisqQ,Calibration,3.3785854180969266
kVj6o8vXR1Am39k9X3ni,Calibration,1.120604620932682
ktXWWvRtYewlru5iIuoF,Calibration,8.494804877164503
lJPH2a7kI7utPtZWMCFL,Calibration,3.4144295023316342
lRwXfpYCu1Em9dZSYaVc,Calibration,0.48479239771205046
mHjr647WhoaWBu0BZCRd,Calibration,4.255000875448783
numYcnqSMUl2Vzo8sE5c,Calibration,4.230097192654213
o0RQpziyYV7okyovAAIK,Calibration,4.76626714591352
rZ0svAnIJczrk6ExX0GQ,Calibration,3.444030252424451
vbjRlktsKTRRsNL404Cn,Calibration,1.5400264869317415
vgDYxBoxlGIoge8Ej8UK,Calibration,3.609629691550017
wJgvjmRR7TE5FScCtJcr,Calibration,8.176214675597858
wLWNEwHBpVNQFlkENF4R,Calibration,6.47526287381297
ycdT5lv9fRjwgYXjCeO0,Calibration,7.3671370489034755
0EGowYWCjV5W5H4Z5rHF,Calibration,0.23584905660377353
0VWBv9ph43mixKjdNuvM,Calibration,0.21961932650073068
0jdrG8obbUjVeTZeHAkc,Calibration,1.2217579720549685
0lXjaRf1aBTK3AiVamtR,Calibration,1.4689841511027324
0trsoSgTs7auCGWyl0JO,Calibration,4.023417229660442
0wx1M67RhQcpagtOKRaW,Calibration,2.380093832517937
0ytjQIMQFEoSOT6cWSFA,Calibration,1.3698630136986356
1KKkLp2ZpYEJKiYVGZR0,Calibration,2.689724434088287
1nUopIKCZjbvEBnow2oJ,Calibration,0.7957835865105213
1pCilXnOOBHDRWVJBm6m,Calibration,0.953370555732928
215jOWj5RIMRMHyH0ue2,Calibration,5.715593856177891
26Kzpkz6TepiWZyUxSv6,Calibration,1.3232605679868765
2j1MpjYr9VdT7TnrhQTJ,Calibration,9.684890874936402
39IhVn8B6MiyHeiQNgWk,Calibration,5.531457681452998
3GBHZZ6YfZdxgBqsPx1k,Calibration,2.594339622641517
3KhBvUX6W05hBBcJf752,Calibration,1.993993387858779
3OygUNaaOR3Z9XtZQJ1M,Calibration,3.740343274232014
3cBPde9we0fuzEDE3Vaw,Calibration,5.033649016297642
45ObGb1rVd4CHFbBEcEX,Calibration,4.766852778664657
4CLU4qlm9I9GEkKEVZ1R,Calibration,1.772945627034039
4IHPXCg68xXnIl5VztBU,Calibration,4.842555370514187
4KU9LXdkjgYZZE7I5O9Z,Calibration,1.1428124565219888
4NC4iKy92hdWpH0JXWkO,Calibration,0.7763350451098043
4daexvAGsINEp1A0Ql6L,Calibration,1.303032978064832
4dkM9kz23hS9OIC8X8Nn,Calibration,1.6249458128710685
4uliprtBI1pd7dJKvysr,Calibration,3.121667007887354
52HSiwOmRp8tiQsMdcIB,Calibration,2.9326277665363123
53kYz6VQVGm7rfhfrWbB,Calibration,2.656583256085299
5Zn5oYNOYlEZLdM1IxX7,Calibration,2.4973864425384193
5cKfWZbTTi7dmuEjEQ9Y,Calibration,1.002200016770326
6JgP9SGkea0VRXDUf8t8,Calibration,4.393587283188519
6WEfjBVyF48CMS2O69rY,Calibration,1.992053759085699
6eu4SxJsAq7P0LfsIM4O,Calibration,2.216463935028511
6lHKzXlICKtscDjWCW4d,Calibration,1.1913357798398634
6tdqy46SZxVN8hc9GyFq,Calibration,1.6636720778660925
72NNKghLLtEaKXZi4cBx,Calibration,3.3231290606320836
7HIAxEvTI2JIaLlaJyj4,Calibration,1.388888888888884
7INbrypnEE5OcY5luDVK,Calibration,1.4044812954402655
7iMVgGbx6DTHWPLrzKxe,Calibration,5.231846411200166
8KuEVYpIIMs75oU30g2F,Calibration,2.216731692515492
8P0vpOTdAQF0iJr3J5wW,Calibration,4.307264992572153
8QxPevOm4y8Ka23ri7UI,Calibration,2.6421693301832128
8RVNiXcAK5wiYMb0rAMY,Calibration,1.5262962841152692
8mo5LSM9BUjaqKWfWiPv,Calibration,1.0568533689092101
8qHJir8TSZHoq2lrFMBD,Calibration,3.295099798485442
92x1FlF3FQ1s8dQ54IWS,Calibration,2.492586095742441
95yOpES8E4zjEoFKFk7w,Calibration,2.264277807059775
9AKSxDKPtxHP9Ut8KclA,Calibration,5.537657536655467
9OOdy3EL9gV2m3qAnOVp,Calibration,1.9225161908222117
9POWk8QtReuxsK0yvjki,Calibration,0.7906984425364826
9RTj0h33gpUR71F0GVlJ,Calibration,2.4435159441099508
9dAjsnjcdIivFKNT1X2f,Calibration,2.5498992602588246
9liS5ZEc3xxhCxnNwmTM,Calibration,2.1760678903188464
AG1eGoKsa39XadOPz77R,Calibration,10.29719995652177
ARZcKo7DpsDlt8pTLH6y,Calibration,0.5401087943047653
Apoa9lu5n40OQkdEgMZe,Calibration,1.8591408559996316
At4Q5HZEuzv0927uqcFx,Calibration,0.5011000083851612
BBaz29MqOhlIVTYVWDAI,Calibration,3.1032647137095934
BH1qqYE7VY6i3kLXpF32,Calibration,2.141208640772179
BOTH4MhdiiUFsurW7Of5,Calibration,2.2305918456712233
BZuYzw3NULBkhkmU36Er,Calibration,0.97427310125372
BeoJ2wBaME7LyGZB9Spd,Calibration,1.0834552239058615
Bp8mlpmP27vXoVodIm5L,Calibration,3.0577088507555583
BuHP6JEQKCaASN6v7ckO,Calibration,2.1465507406836855
BzLJhLmlE8xzU9l2R7kC,Calibration,0.6308845119678257
COhGzBC79SvxUlkpeFH0,Calibration,2.735842989876152
CYLuXOJAv40e78iZFurm,Calibration,3.8816752255490057
Cp8PHWcfOHaJmVZqok4u,Calibration,1.0353988322810066
CrBdSUgeDxvP1LBjcaOB,Calibration,3.2635843685940404
DYwAlkDZW0gdF2j8Askz,Calibration,0.7613546590283624
EGntHP9bHra7FsIwCBus,Calibration,2.0488881533144094
EH8KWfzwaVnpvXBcIqR0,Calibration,1.362229344172854
EJjCLgkIaEqjk2UReGga,Calibration,2.6718702245128223
EdzdNDrt2AXAGcPR9TLn,Calibration,2.048681841590241
EpbekNcUIsJFwcqikpcV,Calibration,2.0172933255662073
Eq8pcWXdjmRmXeZnOUz2,Calibration,2.3662331195661115
F7J9ofaDYnO7KPoont15,Calibration,5.910925193180073
G9F5y3iPdGZTovIExXOG,Calibration,2.048681841590241
GsYQM1DKEhnijVl3zMHt,Calibration,3.738877117539168
H2V6uOqGz6W7kGr8tFVD,Calibration,1.2217579720549618
HISIbvjePOK5HInxujL0,Calibration,1.3840206981729613
HJCacdJIQC85IJJWbXU9,Calibration,1.6249458128710708
HMAkEj7TZ5rCbu6WDT2F,Calibration,0.9969413166056268
HMEi5DsV1CTGcAYqrnjc,Calibration,1.1824553332402652
HVW2rPCBWeRknfexuWm7,Calibration,2.8601116671987996
HWMyEUMuhmBwHJQmL6i1,Calibration,3.774499188727213
HqP2nCSUYbLUZycyIuN6,Calibration,4.955960945944644
ICUHIN1ITVVwunz8tWtH,Calibration,4.209754512547083
IPIjsnT7CiSMVQncweL1,Calibration,3.5405686077657728
IUxXKSYIYbcc25H47xdl,Calibration,5.0080635351325045
Is5PR9qM1oywyNr5cZci,Calibration,2.8250652401119165
JKcVAFPz1brxFq1d6OSv,Calibration,0.6343900416936599
JLTiHKOlmJ70coEn1EO6,Calibration,0.3876928595296295
JLcB8ZimPPz6rzCCoSrL,Calibration,4.18870893003252
JQs85zhsC3R90B9AZtuC,Calibration,3.8934048059566684
Jj6OpRZXSTT0IAxoH5n3,Calibration,7.697321490425313
KHq0bHqXPqX7Bg4MYqt3,Calibration,2.9407354292529164
KXYno4WuaKtkrwVVoavc,Calibration,3.3087237192766668
KdKoSHQFb5eh4n16RLX5,Calibration,1.4630078514126925
L1d4h7Y4nq7JokcEYrzA,Calibration,5.867362712176004
LCbsNqQ7cQXxYb7nizjv,Calibration,3.7102520764742084
LkNpeZ9xDG9Ufc8zw8MN,Calibration,3.534786672651194
M2k2aa8qwDPVcqFtTorz,Calibration,0.7238883143743546
MKX27OLulEfTfAxgXcpL,Calibration,0.501100008385163
MWtx3Uixycyt9zEcoAvN,Calibration,0.4980134397714257
MfSaFpvu0y3KIDhd8Wvj,Calibration,1.0825817855696482
MpngYxDIYyxp4rJk0f2v,Calibration,2.3800316919836635
MrC5aV0leNr0l4muyJCY,Calibration,2.833842634968506
N7HB2IE429NDqDMxsRxJ,Calibration,1.4707628833712618
NCVIMn6S3exxdA1AOVNx,Calibration,2.3800316919836644
NGNvUoOs5S9bTDzQyJoY,Calibration,4.3690008442812855
NjW1PllM8XrifTj8muMV,Calibration,4.060031171898528
Np5MU5H8CeWpu82IkoK2,Calibration,2.756286429569647
O4AuZW1NIzd8xWI1dbtS,Calibration,2.926015702825381
O82p5vEXNCmqqM454ebJ,Calibration,0.2591137898778929
OR9PADLCf919m79EpYRf,Calibration,7.797564243513885
OcElnFErBd3xqgICOeF9,Calibration,2.3438122971299027
PSQ1d6DBTnLkZFcgqgh0,Calibration,2.267942654104656
PlD5Bvmc1O63IffbRPBy,Calibration,3.8187112104795493
PmQ4bIH1jtkSzgtOMSnM,Calibration,4.790958254001283
QEWpACEdrNpxSrOLF7iU,Calibration,4.102214476805178
QNbNM2mItfrgICup9EZl,Calibration,0.5017371272120883
QkYEiYZcH1U5dZ4H20lj,Calibration,2.9411203934907575
QoW1kmElrbawMi8SDVWW,Calibration,1.1723651017413879
Qr445YG2kDVY7xeaxNUR,Calibration,2.2788495861243225
R2MgBEom7AFVCeC2EAgu,Calibration,2.492586095742441
R3WsAgAZa7BpZvb6Qwoj,Calibration,2.9695446879247087
RRgab64fNsdbnBBYqFAI,Calibration,0.5056696069027868
RVZONqo5NppT5w6lyc3O,Calibration,6.675103132047426
RWspaCUVF2QX6bKwZRV8,Calibration,2.9407354292529164
Re7tT9mF8yt5pBFI3GvW,Calibration,2.8704759963868045
S51Q6rZlerIMUcGD8ydm,Calibration,0.8785991600858735
SDcVazjae2z68t1qnUFH,Calibration,3.3863797437665357
STIMuRALnVt4hrrpgNeX,Calibration,2.506392217055879
Sby1zoZJTOb1JOaTV47a,Calibration,3.2047485822447728
T7QE3RchwAERKjwa5mW5,Calibration,1.5891212597742392
TIT8cyuf7xq56RtKdQza,Calibration,4.0591796022564415
TqwIaZkMFEJ3W6zpTltO,Calibration,2.069510838067623
U7QAqW3fTuk0iXCFpnGu,Calibration,0.5196741878126665
UB4PQKISnirSDg5Vq31v,Calibration,2.5992530376623737
UdJPJDabluGSKxjd1wSa,Calibration,5.705599416982669
V3a6qhohmBjhbDHHW4RS,Calibration,5.855778376620111
VBLDlabmXq3NXe6qmu5N,Calibration,0.34784153543811513
VE6Qr9wlgFo8lm3adnOf,Calibration,2.813348958469744
VHqXCTNxgNYMRccTc6aJ,Calibration,4.328360527309956
WKCVnaLtGwBdYYS2SgXd,Calibration,2.243214303439266
WPHpBfuwAnXmZxW7Dh3L,Calibration,3.0863588638224098
WZKZV54MswxH8jRuEk2v,Calibration,4.466324934410169
WzkPV4xuF6Wo7qsObrJw,Calibration,0.5170630816959676
X0H4AxmqzDtlqQGKvDB0,Calibration,2.928156982790747
X84KP3PBCpbOocVX3vU4,Calibration,2.928342083123299
XGIhlPi3MQ0taq3ZUSxQ,Calibration,0.7987220447284393
XLqy78J4OebE4lKcCdCw,Calibration,6.929526608736364
XdvvTLWmz45g3l6zlCOE,Calibration,7.529584829398879
YQPtg5zPF6TXCAy7VsNq,Calibration,5.825225954197942
YcAeOttBNAdMATkaTSH9,Calibration,2.1286439941337028
Yf2PPm1oMevZdhv1uqKQ,Calibration,1.674452849720149
YhmUoZaeFVrKuhyEJNpl,Calibration,0.33086401255125
Z2oAybc9RkCsadq8JZ0L,Calibration,0.31023784901758056
Z4fCD2zV0LTO2Bm5RE3v,Calibration,3.7253879115731774
ZEiaz4M8YZFtlK6vswv8,Calibration,3.439172465205082
ZHZWB060gG75vflmwHWZ,Calibration,1.6023742911223855
ZVp4tr1WMEnwtSLCpter,Calibration,2.63823095336863
Zh6JM8B4ooPg8gKjw13L,Calibration,1.0246764353895648
a4s6tz2PkK3Gy3rdMU5y,Calibration,1.66563103025377
aCLjNYq1mrizbpA5XpNq,Calibration,0.8273009307135482
aRtzQxbnMvWi0pYvsJXT,Calibration,1.8315482160205108
atzziEn0CcGmJqnhdEEo,Calibration,2.943717440724637
b7Apmx8K6ZUGF9xMLLLa,Calibration,0.6248009447669096
bJIdtx2Z3PSz31OTgsWH,Calibration,2.4598558145402034
bOcfrB51TCx2soLfdpiq,Calibration,2.843595321433177
bSrN3WljpgbUEw0qVFCC,Calibration,0.7253559634396153
bURywfkCa5okdy7qrjR3,Calibration,7.972071159135223
cKx7ij3vHzhvq4FN10UB,Calibration,6.929526608736364
cmweCdWr7mH8UeOXY5o7,Calibration,0.5085738249052348
cvoaWZvC1l7xCTIHp42b,Calibration,2.305527372825659
d2cvSPT9dut9SqbKl4xY,Calibration,3.397118381056157
d9CU0beeLLaBypEdUhWT,Calibration,2.358490566037741
dYlVLRVaK0pjtofxuaGn,Calibration,1.060835302976883
dawqGiWUclI5KfYECWJy,Calibration,4.257287988267406
e2778xwHOGgrWSgpWk4I,Calibration,5.783769762581819
e756xrtXXJCyAJqwfxPL,Calibration,0.8612324783479166
eEa1Vucc4AHpGKi9yOz6,Calibration,0.14670478288526195
eSRDrNYxJ7ItzafRtH3z,Calibration,5.767431585896586
fWGcsGEQ5Zm0ockpiaMg,Calibration,1.190015845991835
fcqehq54UBCPZxNCJWJw,Calibration,0.4638701922122586
fsLdqGgMVLp9nmfqcDbP,Calibration,1.7428431295561926
g5pnsWHRznEmKy6g7tJf,Calibration,1.4376996805111841
g8vdjqRd5JgZtL1v8Qqc,Calibration,3.569936188853917
gW5vVypiNLwEpPFoggBM,Calibration,0.8530763895294993
gdVA3HQEki50l5zMGML3,Calibration,0.5671447600943619
h29ZZ0IW1stpt9wIwXUs,Calibration,0.7763350451098024
h5UFexjl4iP0BTUPamHl,Calibration,3.948945222586686
h75JYCDCYneTRZhiHUCj,Calibration,2.4561249129565974
hDSvjdUCYUwa6zJXv05T,Calibration,3.580562532002725
hL0o3FYIu4LmtZXs0mcU,Calibration,1.3232605679868712
hQClbOrPm8D5q34P6qxH,Calibration,0.8785991600858684
hckysRlARO6L2B3k6To2,Calibration,5.661491506229079
hnKhBEYjXt0BauhXPhxC,Calibration,3.56557144513378
iTlo5yLZHnQu33QFvbTH,Calibration,1.8368646684950016
idb4PaMFyTBWO120aaqs,Calibration,0.33356439705880386
if0uu8LN4d75C26Rb956,Calibration,2.8704759963868045
jCXxV8cpw5snMbKylnyF,Calibration,2.998460141883881
jQaKDwQLFaDq6sSsuLdA,Calibration,3.2422523988646255
k1TbmDnf4RL43WVOksId,Calibration,1.687335835404145
kPx7iIxzMoYaXUn2IFyp,Calibration,2.892017938002763
kVrvjkwdvgeh6G1khZp2,Calibration,1.3622293441728488
kWdbC4sz0L4SgBZIUh8j,Calibration,1.2035176635258948
l9xYL6vmexebLoCQwN7V,Calibration,6.115073475225899
lLjIemlwfBCvGOmQKF0w,Calibration,3.160187329422203
lab7r1f7YMHHP9aSd1rM,Calibration,0.11559733218943395
lcz21jVgGgi7wtmYs2Wd,Calibration,0.8074131573190568
lf4D076sVdDn7mlEb2ta,Calibration,1.4242809913276997
lgSrLdGkxZ0b9Py7KnJx,Calibration,1.9805353103429395
lkoPgf4ZKfRTkd2YBSeE,Calibration,0.8147136446987909
mFYWVrYcRmYXD8jN2trl,Calibration,3.719388934614126
mLtgnDCCRujKCHfaO8Ud,Calibration,1.1428124565219995
mW9078SdNjiF0hYdxQnD,Calibration,5.0447185075791054
mY0OhhY5TLnIuAwTfQLZ,Calibration,6.306113547279338
mgUtS5g6Hq7Kmas44HvR,Calibration,1.0080166781095048
miI5sbdZO2UUDHgSX1iS,Calibration,4.20668061007177
mkDlBgMHEDggHXqWiKqu,Calibration,5.720091362093511
ml9V9Eyd54gL8GUXgR4O,Calibration,0.7225881444703706
mtgQodQSctsmjV54s4qg,Calibration,1.1900158459918346
nTCW0YQAahVlUvyqpmeg,Calibration,5.11582037878224
nToqPyLIw1KftW5Ovsgy,Calibration,1.3293416624368817
o6fnliC8p27ZYri2hdCM,Calibration,0.3771010382238357
oWcUuqwOwwvzfIBj9Db9,Calibration,2.765728840726495
onHjA81EAzUxhpGAa5Cz,Calibration,1.85530519577242
p08VWid4HtshJRkREqPG,Calibration,2.0172933255662153
p8OMVSEdqy5VALBLIQO0,Calibration,1.8935427209984894
pCirW44wtlUoNhzDUEHq,Calibration,3.046707353282945
pFGMDPWtz3EKnw1gBYNx,Calibration,0.3277686500145539
pXh16jLKSeS8g2h99FcK,Calibration,6.074626747192198
pZ2ldjak7GVsczKkP310,Calibration,4.798334090433067
phdkRvEGBQgqTefNbnrb,Calibration,1.299536245597994
qD4ggQJTibCyesLmTHkV,Calibration,0.5710159942712716
qlSKLv9LAHXBTOqCfCWv,Calibration,0.9521501239148954
quc4nLpf2Y2rhAEZzNDO,Calibration,0.1477104874446078
rhDAORXAAPZcm5DTp807,Calibration,2.8058108339777137
rj7ufrXF6kQKlZgn7kor,Calibration,1.5526700902196013
roCnZk1CIg37nViGtaqx,Calibration,0.6592826877418684
s0OZIDJX3fTg0CXCaT1r,Calibration,2.419062921491982
s19wxz4QzUjYoicmrbzW,Calibration,1.9136506642578697
s74qe3varX2qgIV2yWY9,Calibration,6.89902228597101
sA27qhl4APS6gTWEPH4B,Calibration,5.767431585896586
t6I3QNCAmEEHssb7u0XY,Calibration,3.5386976927659095
tAIyRuqJDIvpLyULSZ83,Calibration,1.8193983975264398
tD81uA5t5p0f2Pnfq5Da,Calibration,0.4858525333123838
tfGx0ps9sFTOlbMr4vI9,Calibration,2.8063151669487567
tkVT3dPrVjDnPMWKL0zX,Calibration,2.455337599984069
tmopTAtCrndWqdmBntEi,Calibration,0.10405827263267886
tuVeo6CoGyI8bNuRXNSH,Calibration,3.1334181809209465
twi5Pfd340AdF0a4reaK,Calibration,2.2015322757835643
u8CuXsEShVpIswOil7dm,Calibration,3.059877549776857
uQ2C97jdu46khErLwrCl,Calibration,3.093630693297107
udS0qRO9kqUqwWFVdcbh,Calibration,4.741263068641166
uf0SZSSdfbPzDvQ1cZci,Calibration,3.428437369565974
un82qEikBXFdhSNkRc19,Calibration,3.5405686077657776
uyzZZBbOruAolbqfIPUv,Calibration,0.7304645801619275
v81bnxpf1dVpNAnicB7z,Calibration,3.3217099623194786
vLVCQlNxdw0ZIgYg53j9,Calibration,3.5606109015196243
vYVnSM4DuVVDmJoMiSUx,Calibration,0.2358490566037763
vfS2kcDtsU6WfHDrKVZW,Calibration,3.5459020638082315
vyCSDc8YGtzvKAFQXY0T,Calibration,2.1162067140146084
w5i5zqftiWBCGyAmg52m,Calibration,2.7548811953224575
wAiLj16DywN173yR4rLd,Calibration,2.115093972512252
wHETEdv4bYpVefISyCXy,Calibration,0.9969413166056201
wMRoirbsh5YAP9bMnFeU,Calibration,1.2679027289819618
wMaSc7PtIPWazOBWRAKr,Calibration,3.257473498408954
wQSjvYuLPFHr5idG8f0X,Calibration,1.7027919025404625
wTJW1RXVVAgMCn5wqPWQ,Calibration,0.3194888178913724
wW55Eo0HtCbcwhu3w3gk,Calibration,4.2775735604201115
wbVJMVXYw8sAoVsfaJh3,Calibration,1.5051212839685282
wgyliIOpzXynCz4dbNh2,Calibration,1.2842549137468728
wnz2MOvdcjJIcjpgMJfz,Calibration,3.66550679704455
xDWz6Uibz2HiivyudRAy,Calibration,1.747126388229743
xF1ZY3poCkUpb0NLRaZe,Calibration,2.7046063393287736
xOmHEAS6H8oNM9Oc0xZQ,Calibration,10.156168704149138
xPezobTs5WztueUpBN70,Calibration,1.4610928957830696
xesq9mvo0E0e2gSEkitA,Calibration,3.39711838105616
xgevc83QzplSLswZ2h26,Calibration,2.504472271914132
y6V2fNkgnTyDwQkQbiWP,Calibration,0.7942238532265826
yWqXC9O35PKnCBcba7N8,Calibration,2.4512390563048947
ycIkz5EVIc7NOfG05LEJ,Calibration,4.040397993659019
ygp2BPDrFDkL402S01PT,Calibration,3.7759699095372614
yh7a5vDSQlkHDFUyFLML,Calibration,2.98808063862855
yi1YkllrRxuevNkH722n,Calibration,10.443375910321896
yuHqTcvXCmvmMNMEqOrY,Calibration,2.5783128551390324
z6Y2uowJr0VDTSF99Hit,Calibration,1.9584347817390713
zUxzZABbdf3yiqCU6rga,Calibration,1.4940403193142697
zVfdQWSba465nofpL3n3,Calibration,1.5834358571096683
zYN3XoGF0joXFlNzaXQb,Calibration,3.7264793581944273
zggTwdagSGP9k56VhbkM,Calibration,3.9238848084001186
zh7XluaPjvWwOaUC7KMd,Calibration,0.9836698026517349
zsgJPOqfoZ6qRKJFGHZ4,Calibration,0.9612580954111063
1Kdd3KIiTOBSAYJqiMtm,Calibration,1.737451737451734
2N2DlwPmW1FSJsgEp4jd,Calibration,6.187118214603817
2TbltbHaOVH5P9b29CRt,Calibration,2.9221857915661444
8QfkwiFpLztWirgRPU5Q,Calibration,1.2185549800230935
APYDnd5F1I6cbADfTWE4,Calibration,2.789321741657971
Ay55kZchri3BwtK8L9XN,Calibration,2.6994909518686128
B8SY7HHOcKlNPGqGZcFO,Calibration,1.1811510758768637
BLFVBRmyAEZECuHpTMYc,Calibration,1.2966889853371446
BNe0UU34bDWdgxergx4r,Calibration,2.008850337626055
BVFTbeoaF8aae15NN3xU,Calibration,5.821824519586511
CcSRX1Eyn0nhupie5ntk,Calibration,9.813084197930925
CvOw6LjCN6NcuDCnYckV,Calibration,3.2763986208473006
FVwpZUwytIcKWjtROswI,Calibration,2.1228602295548002
Ifk6xSw63lAGdZTKwUZP,Calibration,2.55283449911966
Iwx7BwtkNxWDXOiHKUTC,Calibration,0.8353002769325204
OeGPlto5TfjkyCXqPiwW,Calibration,1.3779900933693752
PTcPlR1tfFGCRfw1ea4k,Calibration,0.48479239771205135
UbSA5D2AF0WKhbcTgjdG,Calibration,0.21961932650073068
UisWBc8euODpevbtmoha,Calibration,3.020120965551247
WexkvWZzF2yQjWngGsT4,Calibration,3.1145295780523385
YNGiighLvTrJNNYjAcKa,Calibration,2.771307180064162
Z7wATfTsIbM3XN8adE04,Calibration,5.432224398758128
ZYXRJ9paB1Hro8KYibyR,Calibration,3.345476365243093
ZjYXvEqDcfjxWVrEswN7,Calibration,3.3119074865699734
bKwVwxBt2WSAUdwM3151,Calibration,5.0501108709087825
bf3FizQI6x6Lur85AXza,Calibration,2.1421855722115115
cN0U1Kh3hsxy1SdCyZf2,Calibration,0.34341529050384356
eJxivuTvfpYeflinybqx,Calibration,3.7946069768052157
eLWw9O3r6A45qUublvCO,Calibration,3.5160037094411623
eMngmXaZfo9lC2Ih5DaP,Calibration,3.9299387978395997
emrrMR4DziAAukHiVNzh,Calibration,7.177906677216973
eov4DakrGMP2xsGvIJjj,Calibration,0.9695847954240913
fT8JiEvgIMiatyBo2AeJ,Calibration,2.5531658949404057
j94fv8excmDyObLE0wT9,Calibration,3.4648418239287224
jRDRq5GBv1QPzqLbijCZ,Calibration,0.0
lRoBmyseGONB9HMkUfCQ,Calibration,1.0779103654762345
pFXBYMYZ4lorxs5bFwOy,Calibration,0.33827336706261196
pKA6wvV5ARf6PB7ZpKCi,Calibration,2.2613065326633155
pko9X30hPnDycvk76iMT,Calibration,4.4154836591671796
sG2mNcKfNbsqazYI01zB,Calibration,3.0096031226787776
sNqGUkavEO4Ivv0IcHQH,Calibration,1.0688282921777397
uhy91Tp0Wtz3f2CNMr6B,Calibration,1.1911431765950662
ylBwtPCaSkXtaYIsd9mJ,Calibration,3.41778856935817
zK5YImdBgocljDGBFyP5,Calibration,4.448635161124118
zoLKBfEaCuufcnUMDf1n,Calibration,0.5011000083851532
00Zewx25ztZHmhyGcjRv,Calibration,3.752292513146448
04CZQMCKjI3HonKuiJ6k,Calibration,3.030581420098887
0vrJrpE0ydXpMelYQlVf,Calibration,2.367913569438289
2MFPNF7aSbgRslKzGLae,Calibration,9.062499999999996
2RNo26mpa8CFLeMpyWkE,Calibration,0.6708000788938525
3jnHaXwRIzbT4qPsK70j,Calibration,4.152093955324078
4j8DC7aJ6mA6CTL7cT1h,Calibration,3.631693401835714
4qrV2WNg1AWFrQDNjPA5,Calibration,2.0921659184009096
5vAiJybGEGkWFh62gXQM,Calibration,0.8554021402131051
6VuPtCNynRDxQmAk0o7X,Calibration,1.938387209271212
6rDfUzeOGtjFwtpa9xF4,Calibration,1.0290613355127245
83UZa6t7ibGqpHpmTaJG,Calibration,3.936760297671349
8gTBq2lUOlgUGkMDnOSd,Calibration,3.4419590816913317
A0GXcmf73FRsErPhgA6n,Calibration,4.74962140854146
BNKp7YedUS18p1USkYAm,Calibration,2.3096553559095003
CxUKSHhDNf0Nwm8LBehq,Calibration,4.592901914157862
DEONFLq9WsY7uksvqC1d,Calibration,5.887311545556242
EeWMFOFRkLZlQl7slBj3,Calibration,5.552124148786149
FrXxYrV7dEkav5lWRnu3,Calibration,4.184517250443352
GWWq4Wpy9Zev8uoIOZKi,Calibration,4.751928869226644
Hz2DXJCXA31dO9clMGHn,Calibration,4.184517250443358
In9vLVyDtcTBYxo9J7h5,Calibration,3.6501584127541045
Izic6FRndUUdIbFgU2og,Calibration,6.889352871236784
J1blOSdLMOZEuG4i5kJs,Calibration,4.443517561405259
JAA94OKAei6XxhMqagBW,Calibration,3.2473436818051433
JZ9aZ2c6un9lgDlu2miL,Calibration,3.9780662309664496
KmPJnz9qrmXXt6Ils1BF,Calibration,2.3525657562596956
LUGlfIT3oJKR9pmNWvjd,Calibration,2.8282585355021794
Lpoe2lq7l9pPVxbI8Mdr,Calibration,1.1859401447921487
MHSAkUPx7b8vIOtvtyDh,Calibration,3.9340167285132304
NrbWJIuzysc7mSOiSNJd,Calibration,0.9184323342474972
O2HAlrsq1BMtLEOfvfkB,Calibration,0.0
OeA35leGsdyfKPfsS9xF,Calibration,2.2274212903952937
PUWo0YDBpmRA8CVNqMd9,Calibration,0.7494069188651616
PdObpMHWvfUzEyvuwPAY,Calibration,0.3124999999999989
QcxQrXonrqoEdVyUa4K5,Calibration,3.1950108866950613
S3SUqk2kkMxCNyBySwaB,Calibration,2.5131856485358934
T1kzQhxLfQp7kngQ7o6U,Calibration,3.680555555555556
TlrQpk4avXDuwsXDDn1I,Calibration,3.952288543686281
Vg85zdnyTGQGdIQbAtPX,Calibration,0.39937182619438905
WoLmYPjr0EDHyInLf8Y2,Calibration,2.652532047168232
Y9wwkMbh5EwToY2v7jbP,Calibration,2.9780483435975063
YB38IkTsdwIF5Aod1XNt,Calibration,1.5382788165482253
YwqVMry5QN93LE8cPEnK,Calibration,2.5281081405935493
Zycnd2LjApuX6ZdmEfs2,Calibration,0.9443442349065516
aZKBumyS8tGimucK1gaT,Calibration,2.012400236681565
cJJoTzc0AsivAqYO1Sps,Calibration,7.096379764074593
cXc5V6iJauyKEeJ2vwvu,Calibration,3.792332399739231
d5GvG1SQy728Bwmgb0GB,Calibration,1.2622928568538043
dSvsdi8LulPSFoRnQlMV,Calibration,4.64534572389959
e7YKmR9eetNstItr7ABi,Calibration,5.539383318503117
eEVel1dlZwHi3bBUPiz1,Calibration,2.3478002761284897
fbMqtetI7OAd97zpgUoW,Calibration,2.9485635161159216
hYD05uKDwES0CCbNle2U,Calibration,1.2060581496314253
hkj6v3vQaeSxIBaygRKh,Calibration,2.6994909518686097
iA8o9jnu2uTDxDRj8Uhs,Calibration,2.4580798453460853
iaibs5jjLUgClDNTbNMp,Calibration,2.333196688475788
iqU0TXVrgmZh3PKh5Rso,Calibration,0.9594116395541262
jX60JB2Ctgb9v3QgYlhx,Calibration,2.0623545866820847
kbv8A3LZACUOnMUNuM12,Calibration,0.5856515373352855
m8YFYa4chltTkyd11l8P,Calibration,2.382286353190111
mvTHd9P3ZHqfcsu7cZkd,Calibration,8.419204467943791
o3XUyE01OmoOTYMmowtL,Calibration,1.0290613355127218
qd7NSQuShqblAWCvL09N,Calibration,3.3294843589852325
sBTehMYyFhxGmObpOA20,Calibration,6.177606177606176
u60fzJMPtnygcxy6ilhH,Calibration,2.7471997013392
wpwTDC6jxOxjsk2bJ3U8,Calibration,0.9406155794429895
xHvldDP4HgxZGEgdmFkQ,Calibration,2.32304750588136
y32Iamapit9kU341OEN2,Calibration,3.7739924172602164
yu1sHMGvKYbwD8nXSXS6,Calibration,5.259850664166872
zigdAbqlrk0kWZ7JELIe,Calibration,0.8291634677958021
zvvfYV6Coe9BfnRyYHNv,Calibration,0.8015507319992886
7soGVDW7OADidxz3Gw7E,ClickHereBottomLeft,4.592901914157856
S7ypKiwkMl8OPgpnU3hP,ClickHereBottomLeft,2.706186936500904
xvGof1JxGCk3hL2ydu8l,ClickHereBottomLeft,4.517678153307034
0TOXZJmWJrSg26yMx8FX,ClickHereBottomLeft,1.5876381575294691
9wTYSrTZSZJHpmrsBcQK,ClickHereBottomLeft,4.510512759763201
IXWfxSy1sigfkD1cdoWC,ClickHereBottomLeft,2.507442596957451
KqQXUgOaXG7oPEkW1kjp,ClickHereBottomLeft,4.4611836913424625
Kwxk2tMj5yUUBzfqDGOl,ClickHereBottomLeft,0.7722007722007707
OXR5RdH2XdU7ZAy8xcUE,ClickHereBottomLeft,4.43820939871696
U4nMSG6vEWbKhaBd8QAV,ClickHereBottomLeft,3.2212548328083144
eOHglaucHmHaOv4puL49,ClickHereBottomLeft,6.350286095679696
on5FHORXazffb9GVDLJG,ClickHereBottomLeft,4.344781268888679
tsD5oq3l4WjZTjwSOAyB,ClickHereBottomLeft,2.367913569438292
uoMyYQK2ZZPNPFQyLONQ,ClickHereBottomLeft,1.9540042411846439
utgbbPoA5TFiLmLcroPk,ClickHereBottomLeft,4.404197615302681
wbnWaD3yqQv7TwmpkZI1,ClickHereBottomLeft,5.113504853598919
z5PiaJG89pRXYNRI6p0m,ClickHereBottomLeft,0.9596381433234423
HvFy1tGWAL2zsAr9bg8O,ClickHereTopRight,2.210380052371328
SLmTWhqOyubKjAJ0beYa,ClickHereTopRight,3.8068966253385184
TcpATkRUWbc8UQfO5Owd,ClickHereTopRight,2.2696314638656583
ThodYTKU0a3XTI07r8iX,ClickHereTopRight,1.8387484127466227
YbKjeVtsuxYz6KtAZ1Im,ClickHereTopRight,9.440218105221554
dIr3e1FNv26JRRgcJbIz,ClickHereTopRight,4.976403437415779
gRBU37tLKrU5LCxchP82,ClickHereTopRight,1.9310686810358233
yJE59tqT65pjZ6KOYktV,ClickHereTopRight,0.475640622712176
9Ae9YpkeklAtexyCIZ3h,ClickHereTopRight,1.579346519235229
ASQgRyRjJU9QxiALHgzW,ClickHereTopRight,3.870983248286387
B69O3ZZ2kRWpRNfrQZdB,ClickHereTopRight,2.952118241870097
BJ1I6W5Lft1NQe2IdA4a,ClickHereTopRight,6.587929067456116
FrBshQhEOIv4gZ561mMT,ClickHereTopRight,6.548126379822822
K3rvKFioqRp6EB9TJBV7,ClickHereTopRight,4.055482787818092
K49FOSGU6EYibQTbiCyD,ClickHereTopRight,0.9124263462248065
MOpSKFF3JD5yUbTmilnh,ClickHereTopRight,4.285366567619513
NA0jaVJsT6lgrs6uw0Sq,ClickHereTopRight,6.427193974189646
TL0vdVC29KRHsPI3Khcb,ClickHereTopRight,3.1586930384704734
hSHdLmyYVZLV4KdU3CiC,ClickHereTopRight,4.299605836158376
iQtZbXeTSnJuBh9YTcnr,ClickHereTopRight,5.707687472546119
iaPyrDJqM72pmkFXA8WH,ClickHereTopRight,3.2704402515723263
jHYakGzj55Evl3JdC8my,ClickHereTopRight,2.630630814156838
k1XdCHLI6eLVVSZ0ndRC,ClickHereTopRight,5.241878368969963
tR5AnztoJ0EKbmFRWfCh,ClickHereTopRight,4.836899577087362
v5sQZyPCZMHKzVLeQIeI,ClickHereTopRight,5.4343875975073415
y1jaKupK7rTYCWAMAISg,ClickHereTopRight,3.851372333033546
08Ub2TQF2qn5r9UkTTuh,Face,4.017522039535799
0E4p6kxzRqXhA6F2nK5u,Face,1.1111111111111072
0FiSFJE0xOxnJtghNiuc,Face,3.8747482156421946
0dFVmKZ0TMF42y8vzEUz,Face,5.179396728847778
11rHC8orDYqW9Q5w8cDf,Face,0.38610038610038533
1GaAVb8d0ogH30MCakJv,Face,1.5814784881545676
1HOFLevPXxvV6y8c9ifW,Face,4.540552923667275
1T959Zrg58PbEeI3TO79,Face,4.000115209820267
1gj1aAWz9V0RvNBd3nit,Face,3.211603521442255
1nXbHJKQ8OtCiaI3D2kX,Face,3.3687372978458647
1pY6WC3FIOJMqp4FEW9Z,Face,0.833437637538655
1vS1TaarZxQUrPFx2wz3,Face,2.4075955469621193
23brQCCRwUVFVXjSu6du,Face,1.7674444998050038
23dSR1zLjr3QQWhvbK8Y,Face,3.298205028087958
23vd4pdErq9EGE2bIx80,Face,5.641634566298084
36giKWyDXPZfvxL4y3Wa,Face,1.787622683034657
3AeDMaJf428bA60gc0Su,Face,3.704970531681057
3M0lpo3Ad4pfP5q2ho6b,Face,3.174778719334003
3b9UJIetz6usScKKT5dV,Face,1.357997964703591
3dagQ5am41OPRAXQSDXF,Face,0.5856515373352855
3ggZDSsXOFz3tOTx4A9f,Face,1.1137106451976457
3rEQrYYjZgvg8Osgj6XL,Face,5.74598392008342
4DJn147DZkqB79wyc8nf,Face,0.2568628167172675
4J2DlIAkcAXjzKGWuUgB,Face,3.1383668518368233
4KQNMPwEfFnHt0bU0N31,Face,4.079340835512876
4P8UMmBrwyx78ak4BDAB,Face,2.17029936327434
5dAKwupoIQecS4NS2dwZ,Face,5.73889654419136
5liupmFkIVsSd7q12GMG,Face,1.6412855040054748
5zw2MuA3pSz4TUwGIdeF,Face,3.7051771544024774
6vgQnXTsaoPl3IBhGGBR,Face,0.9142074244829845
6xrspMPfB6yVUKgpeHUu,Face,1.424080059479527
7KiU5pkraA6cof4fsiAe,Face,0.597857864127886
7UltXuPL6iJRcnYB0XL1,Face,0.6423982869379063
7amy7grR4HFUFSAanIzh,Face,1.4282660516748247
7jBajKRHBimUb8sHTHR2,Face,1.253833912506442
7kcymAb85GKpYwsogBZ8,Face,1.3163150741955614
7oWfyXFIFt0Z1yIowC58,Face,0.637532084630714
82HOeZK6f5g7D1fvlyiU,Face,3.834457725203607
8B7UXz7ViDM3r1radqeK,Face,3.7151383386670824
91XAr3ZnVYFi0yRijaei,Face,5.887311545556236
9R37DpEYKuDMGo73ZFVb,Face,2.062354586682079
9Se2bRhmmeambISQVO1Q,Face,1.6913668353130598
9hhmdLeEQs628XKfmMHc,Face,4.432876273363512
9j93yjT7AfGT4D4wTs1P,Face,0.9836698026517349
9scJBLJKtOBaQ4UrVzWF,Face,5.6138172343370005
A2s8ArMCYxq6bo1rNZYI,Face,2.25551437882474
AXFXk0GTftjR7AYR4ZcQ,Face,1.7221700962137099
At21itoIEj9Z7ohVA4pQ,Face,4.879619290518601
Axy9M13kvuofvAdCus27,Face,2.883113493309539
B7sSs3LxL27vB94GA5GH,Face,1.4813242167487386
B8VNLRCVPZ48smdbIOd4,Face,2.378203113560891
BUvWADdY72plc5JsRfGT,Face,0.9516837481698404
Bq7bjnORHvU5v8T8QmMp,Face,6.7624746835464755
C5MCYgHyst3daA4LTN01,Face,3.6219481605068453
CP7fMM32eOgyuUCw8azI,Face,1.4415567466547632
CPd1XRJPmxp4ChQ9xVEl,Face,3.352107892676398
CrfyDOQ36eSfvI68Aq9D,Face,5.179396728847782
DnAh1OCiUqh8LCYw7qJ1,Face,1.787622683034657
DsH1f106jThs7GrTr4Gf,Face,3.7800306197574645
Dv5og3mSvqpj0po3V85C,Face,3.2763986208473024
ELHzrHBphNKHcjqiOfcX,Face,6.756535058953755
EQiv9unQ3zlGZl27dlXt,Face,1.1361067190329903
EZMouGTQfx7NkBrd9dzF,Face,4.291353284257493
EfuaMj6581V1jP7wpWFX,Face,1.1277571894123646
Ermr5iwJOPW7oHMmEDlW,Face,1.887777539603715
F0egaN0hm1of8C6paWzJ,Face,5.844081963046898
F5oH4rZ5yBAwqweqDW5p,Face,2.260365790352584
FNQowiRoTPJOS7Qkt9bx,Face,2.0353696228001845
FwlQgmvQXLziFCSTz7Zl,Face,0.9142074244829821
GFof9wUS24CPav6zMBZK,Face,4.396809554580862
GLjmo9zdGNoAXTp3f0pg,Face,3.1870763456051785
GftR20aSPeNMKxMcne7m,Face,1.2460185130804164
HA3B4y5wquxuT0bjNmzB,Face,0.951281245424352
HBaFE9Cf2kpnw0vtOtre,Face,4.64290693104175
HO9T4vJwtvvnVmqY3pKy,Face,0.6119119633381129
Hbv9ODKBSHo0Af4KbCB0,Face,2.062354586682084
Hp4LK1DKcSlPUF4ocWtP,Face,4.454842580790595
Hq1QKGFQQb2Knq4EmbSI,Face,6.651908051841314
I3gW1TdgKLkzRKNoWVAO,Face,2.8282585355021794
IPTOIquiwKeaJgkv8Rtw,Face,4.757604240516421
IdP8Q6ko5rVrrKgy2jfs,Face,1.7623750116950558
IdfWICn2XIbo0XTgh8rV,Face,3.8756484982403374
IpbBaMukojb78CGKVV7A,Face,4.031772638223773
JG0PmQJSd6MFyJa3m7fV,Face,3.3255898067418133
JoyW4tEmkNB2thFwjRaO,Face,0.8970871630734338
Jp9cChbxV7sfeynQKbAA,Face,1.1371574710576566
Jpr6pIyqwznHCwfDS4Vz,Face,1.5383267943545018
JwFsFSvKcJtmk0DshUGM,Face,6.579600092270568
KC1dYPZL2NBHjKFaNict,Face,1.2752073832762916
KPz0aIm2veKBZ71kRgBj,Face,4.277010701065523
LNTulhxEw2Hze09i0hJK,Face,0.8918665166856697
LfQeYP1B2hI2f8E7b1tM,Face,4.20972737672497
Lr0TWp9udTX52LmeFWnm,Face,2.209354183266036
LsExS28W9nr3rXTy73rh,Face,1.3928370899720663
LvC3TOvrE3JMixlSFAjO,Face,3.109957418746577
Mu1kFUdoMsriKQrx12zg,Face,2.7443323652352043
Mu7X3Go9p2q4C4JWswQp,Face,3.352107892676398
N90Yv1vlzVoGSkCUVWCN,Face,2.0413378805713602
NF8aYWI6EhoXHOIxoBko,Face,3.4965015378459077
NVWL7izXG5X7d6auflbD,Face,1.5048015613393884
NodATG0KcO1742W1fhtS,Face,3.0727525853770357
NrMKOk1GIa8wy7g40ziM,Face,1.086284859598377
O7VZNZRsD7DzwDmIiuPn,Face,0.45788705400512153
OAe1C9gRpllGPakgEBJm,Face,3.0890451368530005
OD5kseGtuxu2q5ComuQV,Face,1.4022413211411688
OHkuMMqujLKgslYMGvCd,Face,5.098099932862608
OTkSpf74u6j1dUzKSYJK,Face,3.89087434770003
Oj8OfHwTdATQ4yBwbFEZ,Face,2.170846291990465
Q0gLDODZfUz7oRhTaXHO,Face,2.5504147665525783
QtcYv2jyE0Jr6EgbQmFV,Face,1.275207383276299
QwIRzSAUxcomeXCXokZl,Face,1.9001130906372854
RMZCgJC8H7sk4kmevcWe,Face,1.9503841153728738
RhuvqllCKpm60BHzzlu3,Face,1.3518275959393662
SKNHVexY9KNl3HJqu9WB,Face,2.655238842239461
SexDILFhym2g1IbWGwvP,Face,1.881231158885973
T5sNHTL3PzLkT3zkvZrK,Face,1.759516704609885
TSFBxTmUZrIhBzf93Nku,Face,6.319010399698764
Truy3oDr4DAoJrzdhwiK,Face,0.8013023445089787
U72ZpSOzG8EHCMsIQE3I,Face,3.92210357537047
UaZz4VRUVUqW0jZ8k9Wl,Face,3.4083201570989825
UqNmoFCGN8v9t1TVwmou,Face,7.610807932452296
UvKU3wnPKptAV0kiioKm,Face,0.8064755270307663
VEXWXmdtG8c2sRCHCrJd,Face,3.202278004546575
WCtcNyNhUBxYSEx7ekcU,Face,2.316602316602312
WFpsgZTMTylplWp6dw3P,Face,5.877134039767984
WKCbhvRYqSWkWwh9z08R,Face,1.252989742402156
X4xIALnoPj9igdezsjmo,Face,1.043044358397641
X8FaeTZt3dD9LpiY2koI,Face,0.9348609829541993
XKQOJoir2J9fq415jNm6,Face,5.949706345432699
XawkwscEsUxEW8tuqbyA,Face,0.9800396980087941
XhD23c2pmXWt13FIYQXe,Face,5.205720670571973
YYTcTleDNqJjzXbk07Uk,Face,4.397553771813968
YZE46BGidF1leLiUGHs5,Face,6.201119585224489
YoxsPA3I3bDLp0KUmn9I,Face,1.172987072294466
ZGaoUqYaGvpXD2GsoAEv,Face,1.1911431765950609
Zc9ukfYrx458AqlG7101,Face,0.5881414390649212
ZwfZaESzgZVQRMvBUdIJ,Face,2.7260730878227015
aRZzAZn5BHarer1k1MlG,Face,3.818447188170719
aX4vQD9YtQk3K3QtSDO2,Face,1.4552955772215417
aj4YaB0KICd6KZf4Yykw,Face,4.10039344376993
ajCbg2hX7n0O7pfvfhbs,Face,1.2560898695119176
atsRqSE3wSQnHo0mWdZc,Face,2.4075955469621193
bMKHnhutXRZrJcwmH8jU,Face,3.0444603035635196
bazp8ZFC4lTIvTmFcXMQ,Face,2.407595546962127
bcVbyTasKeHv19TZhPYn,Face,2.263117678999338
bfqsNz7ebarJbcyJsNqV,Face,3.6816574934662927
blUl8MtEIJEeXK2yHaxi,Face,2.141642854275632
c78DlrRNsYjN3bXbwszQ,Face,3.8633933758725774
cnlF0jJKroSQ2rGntQ95,Face,2.2019325587954617
d6mwJfGNPfb2NvqZqbgI,Face,1.828414848965964
dW0uLvajx0SJSqnx97EO,Face,3.8539242257307045
dhvI1RjJxwifD6wfY9h1,Face,4.925704014777566
eKvzHrdqj3VpLuMhI383,Face,1.1962171815757228
eResLbYemSvsyxEMSEGa,Face,3.0148532963215735
f2fjDQkWvYvgzsmDG6NZ,Face,2.7446172083625346
fgkauxYC3obIZacBoI5s,Face,2.3508137432188048
fnd2kadFgpnenWrtfcp9,Face,4.526599505524064
frEy1ZFSazRuIjqz50Q4,Face,2.400000000000002
g6zs32jy7BVPcN55e3hs,Face,4.094747997186368
gOM6jp7a47eefnRb3q6Y,Face,0.1873827163597979
gm92teuAHVnpppzKFOt2,Face,0.3759398496240629
h3cLfUrz5C6DCrF9BFmu,Face,4.705131512519391
hIIQig7jyjwyDGuIn4Xo,Face,3.7378915022654238
hTEYZWAtQqREhpf4R3mI,Face,5.398045991087259
haG6Ft6Xctl1KyJjHW2Z,Face,0.7668189373274504
iNDz2kbiD60tTMWFN1Xm,Face,1.0347016960789446
iWWddZ5jBFjHlk7Hhd1C,Face,2.2470570012484266
iihYz1vSzbnQFVEI4QOP,Face,1.9824070484332237
inFZXrlF6PHigwhTGNfc,Face,2.8418568709206866
j5QYdkMdJDtZEAhmxY2Y,Face,4.864099796500509
j7WewwOdhC8XvKRhbZWA,Face,1.886996208630113
jGmQLuxbav2dEhqQH0pm,Face,0.960292666842598
jVTZRelcl6zWhnrM2iuS,Face,4.592971459557226
jfJBtCnPYANn5ghHkC5u,Face,1.1729870722944573
jnRwei3VItVx1AnZcgEm,Face,2.066825746718081
jq8qnEXfwJ7Hw49GhoRJ,Face,3.6572583789118
k1PYzcCE0v8Sm7oP0y7x,Face,2.7446172083625275
k2fUdkjljq8Ga0Z0SVLy,Face,1.028827358738304
kFXijXpxVbNlOOBktAk7,Face,2.7592107339790313
kfxJqAXaXSdzv2vykfIC,Face,2.757341271462577
ki4dYEqjVWGltjD9Rz4r,Face,2.879294673869557
lSl1BkTVOsssLlE8W3kZ,Face,2.958541679706953
lSlb7G6bemhS30jES4j3,Face,3.426830031165831
lrgLS6dTWY8XgE5cNg33,Face,0.9800396980087941
lv6AmcRRgwxANM2X6Imx,Face,2.862694949140648
lwZkXKdfcXNXp4wrPxw9,Face,6.070927348516955
m8ipQS8moskuvIcO42HK,Face,3.408320157098979
m9Nfi3RhZs7R6wJOP3LY,Face,2.0770624631986667
mFw54joKOlK6xCSLZKdV,Face,1.6762056952772286
mLIzaKkZc7sqhoYzzFvR,Face,0.820962508481729
mPLzpfMEx6ek1ONjYPVb,Face,3.565571445133785
mhsu9XfPtv8ucZFDs2Ph,Face,3.9080084823692878
n80tvoSEJ3YKpVX5PLvf,Face,0.46245207858306586
nAiZI15ZcHU2drKUKrc0,Face,1.6516480446636426
nECgTus047jKS4lWudBz,Face,1.462437951642324
nFiuKUb148PJvDIZUv5T,Face,5.440954384595213
nO1FZhQmaH2mQte90TRJ,Face,1.4778325123152691
nUQuKB22kFzdzQXxvjZo,Face,2.378203113560888
nUXfAyl5pOKFFqTNkXBT,Face,0.45662100456621
nUZNOUXeFDPPMeYUkf9f,Face,1.5691834259184116
nbLuBn17lViKnL68a8bv,Face,2.771535004314542
nhUBrFK9pfpCCkcbRkOj,Face,1.3951208384879832
nwl2QUzWSqpQPdsfF03B,Face,1.8085004614322955
oThc8X4m7uGolR4cba02,Face,5.448035310678897
oVlrPke147vUOmKAHc7i,Face,3.843282611381018
pwFeXcHbqpx7QBSboBSV,Face,3.123724781560152
qO0lN1VQlX8gCko4O5YL,Face,0.38369514105142877
qRVX80G9lYzrysy2JrD2,Face,0.5864935361472269
qbmmpxiB0zUOP0ueuuer,Face,1.6232695443853438
rGc0be3K0gcPVokYeQui,Face,0.6440839206162905
rd79W7tonzGmtWBRnT6b,Face,1.7385420660990063
s04wHEwmsj01IowiDYsm,Face,4.230783380083338
sfjjcaPNgQX4727zUYfs,Face,3.079852798630689
sy9MBQ6FAxvObj9gsuDs,Face,2.394680742808825
t9seeSA3C9KrIRGyWDg4,Face,2.8459079687903195
tFIIbqtmTxirVQLESWFM,Face,4.864099796500507
tHKRTvfc1vCpKiaHNYxk,Face,2.545326516774822
tSaGmBD0R8gDD8Sqzk1c,Face,2.0847511313517293
tsGmr08trmWnJ4mdDhfe,Face,1.0917688817486273
txJBYuP1zkwGeTTIdoD3,Face,1.1656566250177043
u7RBTwCyyrBmKQkkqzQw,Face,4.615344916212609
uIgFMjeDAX69OW1m0N4v,Face,2.740018595046856
uJp1x08cCUUHDPNu5OWq,Face,3.042443895090722
utFpcEjetjnQQ5uqQ3Gi,Face,3.596840500482369
uuGCEezcpDOdcrZwQxrz,Face,2.4627709978314654
vIey1ofcL8gP4JGy7j3n,Face,1.2752073832762945
vK6PFyqsPeSIYCBXKUsP,Face,3.681988574059182
vYpLNnNkrAF8YE3TCwkW,Face,1.7384912798271897
voD2zEpXBICo8Ymorzv4,Face,4.259365601835265
vpi1sFtzB3E0U9KGNTtF,Face,5.551125581480379
wCo6wnCbYXOijOWdW17K,Face,2.4426529200813274
wHYcufcQaRn97HRTgITr,Face,0.3266365158890282
wNg4jL1fXUbBNjJ1zE2Q,Face,6.134888372212874
wSizj9iTp7dDY1dtLBOE,Face,2.7191104187185977
xtJZRtQn7KJkdpMBjKlv,Face,2.7061869365009
yRI8Wjumo669OsIssMCT,Face,1.1729870722944677
ynpQhfvW5tqk12mWPAWi,Face,4.062036647219713
yqirlTJ0GZqyOUKAccWp,Face,3.8556807351736526
z6hr1fFAGD8giOLZIbTb,Face,2.35256575625969
z7PQ7ywZf94P6G2RwnkT,Face,2.145880658084929
zGDDmV71PVYvv9r00nWm,Face,0.7916035680902447
zbfKzb95qxH5gHE70SdJ,Face,0.8206427520027374
zikhSnu2VRoHxJiHFLfk,Face,0.6423207042884546
zjstkYQgVCxCgC7kbm7O,Face,0.6500731343435178
zwMCtCVJBthR4o66eAKT,Face,2.3049645390070927
04HCE9ZzwTkHMM0KxbyV,SpiralLeft,5.835492527719344
9LVrJjSMQGdl7dmNWZHK,SpiralLeft,3.229773315178367
9bSLyEXvAxvdpSbOILhE,SpiralLeft,2.331138123641861
DzFeYNdFrYljBQAN4NQo,SpiralLeft,4.184331836801825
F7bAzir6ySfSh7VuKcRe,SpiralLeft,1.9385179702619537
HJc7yQvRw8jyuhD5mJic,SpiralLeft,2.5817957896711063
O2WFydx2Yu0v1g6iGBeo,SpiralLeft,2.910591154443079
OJIPvC0kVRwNaRlL5djf,SpiralLeft,6.001516773093896
QMCGGwEzDIhUlK5HDOUO,SpiralLeft,6.213804067906236
Ua4xptMrDx8ACuexEQWC,SpiralLeft,1.5292000596367161
VIQ35pUBZIV9x5lq166h,SpiralLeft,3.4476654273372938
aRxEFTrM2qGxgguu8KPS,SpiralLeft,1.4282660516748356
bRfAlZXPI4AhdoCOKBqL,SpiralLeft,0.4867234808856625
d9FckzaUJmlAhe1TzhT3,SpiralLeft,5.303929870833726
e9rv6pjfjXkayFOwph6e,SpiralLeft,2.1835377634972546
fdx4as64JISvybYAVMID,SpiralLeft,6.49470069899931
gyFTuWlqnbBqCZwCwk4Y,SpiralLeft,2.0940660823290864
qm6pe8eM1xmMfTdlrWQu,SpiralLeft,4.0633932434660585
s3vpIKkRw4qkvE5o7NC7,SpiralLeft,1.9576227726745075
uPTNILwavRQLMT5EtatN,SpiralLeft,5.03338010358662
MmRlmfyAlANY7rrCXgJI,SpiralCenter,1.127552452985394
06lDVgLvlNEa6fYZLbQL,SpiralCenter,0.33540003944692465
38IoeQzfoXiuEQFlTVoV,SpiralCenter,8.477939919554963
6ME1IOUYoiYY7nSrH1IM,SpiralCenter,2.6076047893622474
AlRjSTYcnN94F9qdHq3O,SpiralCenter,6.175991652349986
CZitX07adBUi7joGC5yd,SpiralCenter,1.6050636979747475
IjPsApLpmSkOqu2ie8wS,SpiralCenter,5.201700521843755
J60wXTF5L2BPQfrSQwdC,SpiralCenter,1.269489980354692
PELXI703pe5zRSPt9buP,SpiralCenter,5.0317115632778
Q5UnhehsgUVJMiANtd15,SpiralCenter,1.7494908905260738
Re0NYAKlYYiVlVKQOLTb,SpiralCenter,4.070739245600369
Vjfwpw2Z6cQoKQIVWcMe,SpiralCenter,4.256178447809504
VuTopfeIAY8IUdEprkrx,SpiralCenter,1.1251024055430943
dVUITOdeajr91A9JJv58,SpiralCenter,0.31695721077654726
gtyP95qJDJz7Oa4RvsfO,SpiralCenter,1.3018379760851018
mKSMCakoDyI9Yol10q8R,SpiralCenter,3.0444603035635076
q3GX60PoGyslpNivK5s6,SpiralCenter,2.8044826422823386
wJtEpFpCxEHQBx04bwkl,SpiralCenter,4.443679471053346
xjqhsNKNQyWfBrYdfCOY,SpiralCenter,2.616542381194594
ycedC4nDYgbLqx7kZU9i,SpiralCenter,1.4022914744312902
